{"Milwaukee Brewers": 6.214285714285714, "Miami Marlins": 4.5, "Pittsburgh Pirates": 4.185185185185185, "Arizona Diamondbacks": 4.518518518518518, "Baltimore Orioles": 5.481481481481482, "Colorado Rockies": 4.357142857142857, "New York Yankees": 4.777777777777778, "Philadelphia Phillies": 5.37037037037037, "Boston Red Sox": 5.423076923076923, "Los Angeles Dodgers": 4.518518518518518, "Cincinnati Reds": 4.25, "Tampa Bay Rays": 3.6153846153846154, "Detroit Tigers": 5.111111111111111, "Toronto Blue Jays": 5.62962962962963, "St. Louis Cardinals": 3.8846153846153846, "San Diego Padres": 4.888888888888889, "Chicago White Sox": 4.730769230769231, "Chicago Cubs": 3.8214285714285716, "Texas Rangers": 4.5, "Atlanta Braves": 5.241379310344827, "Houston Astros": 3.962962962962963, "Athletics": 5.576923076923077, "Minnesota Twins": 3.814814814814815, "Washington Nationals": 4.2592592592592595, "Los Angeles Angels": 4.3076923076923075, "Seattle Mariners": 4.148148148148148, "San Francisco Giants": 3.5185185185185186, "New York Mets": 5.346153846153846, "Kansas City Royals": 4.925925925925926, "Cleveland Guardians": 4.153846153846154}