{"era": 3.78, "k9": 8.654627539503386, "bb9": 2.5598194130925513}