{"era": 2.54, "k9": 7.906077348066298, "bb9": 2.5359116022099446}