{"era": 5.53, "k9": 7.481927710843373, "bb9": 4.879518072289156}