{"era": 3.52, "k9": 9.637393767705383, "bb9": 2.9830028328611897}