{"era": 6.04, "k9": 7.119402985074626, "bb9": 3.291044776119403}