{"era": 3.96, "k9": 4.769461077844311, "bb9": 3.9610778443113777}