{"era": 7.94, "k9": 7.9411764705882355, "bb9": 3.176470588235294}