{"era": 1.86, "k9": 8.379310344827587, "bb9": 7.448275862068966}