{"era": 3.35, "k9": 8.720496894409939, "bb9": 0.6708074534161491}