{"era": 3.23, "k9": 6.016304347826087, "bb9": 2.7880434782608696}