{"era": 3.58, "k9": 7.88495575221239, "bb9": 2.3893805309734515}