{"era": 5.54, "k9": 6.923076923076923, "bb9": 6.923076923076923}