{"era": 6.75, "k9": 9.346153846153847, "bb9": 3.6346153846153846}