{"era": 3.9, "k9": 7.79381443298969, "bb9": 3.34020618556701}