{"era": 4.82, "k9": 6.799511002444987, "bb9": 2.904645476772616}