{"era": 3.22, "k9": 9.412844036697248, "bb9": 3.9633027522935778}