{"era": 4.26, "k9": 11.68421052631579, "bb9": 3.789473684210526}