{"era": 4.77, "k9": 6.9815303430079165, "bb9": 3.7044854881266494}