{"era": 3.86, "k9": 8.839285714285714, "bb9": 3.8571428571428568}