{"era": 15.43, "k9": 6.428571428571429, "bb9": 7.7142857142857135}