{"era": 7.41, "k9": 5.017699115044248, "bb9": 4.300884955752212}