{"era": 4.76, "k9": 8.338235294117647, "bb9": 1.9852941176470589}