{"era": 7.52, "k9": 5.754098360655738, "bb9": 1.7704918032786887}