{"era": 6.95, "k9": 5.360294117647059, "bb9": 3.7720588235294112}