{"era": 3.29, "k9": 8.134615384615385, "bb9": 3.1153846153846154}