{"era": 7.94, "k9": 4.764705882352941, "bb9": 12.705882352941176}