{"era": 2.7, "k9": 8.485714285714286, "bb9": 1.542857142857143}