{"era": 3.52, "k9": 6.13907284768212, "bb9": 1.4304635761589404}