{"era": 2.76, "k9": 9.4916864608076, "bb9": 1.9239904988123515}