{"era": 4.24, "k9": 9.352941176470589, "bb9": 2.4705882352941178}