{"era": 15.58, "k9": 7.269230769230769, "bb9": 7.269230769230769}