{"era": 5.79, "k9": 9.835714285714287, "bb9": 4.435714285714286}