{"era": 2.2, "k9": 7.714285714285715, "bb9": 2.2040816326530615}