{"era": 3.61, "k9": 8.939799331103679, "bb9": 2.8896321070234112}