{"era": 3.93, "k9": 7.363636363636364, "bb9": 4.90909090909091}