{"era": 3.59, "k9": 8.031645569620254, "bb9": 2.5632911392405067}