{"era": 2.55, "k9": 8.974212034383955, "bb9": 3.017191977077364}