{"era": 6.21, "k9": 7.076612903225806, "bb9": 2.286290322580645}