{"era": 5.56, "k9": 9.926470588235293, "bb9": 3.5735294117647056}