{"era": 4.68, "k9": 9.36734693877551, "bb9": 4.959183673469388}