{"era": 4.0, "k9": 7.869955156950674, "bb9": 3.874439461883408}