{"era": 4.22, "k9": 9.434944237918216, "bb9": 2.3085501858736057}