{"era": 3.18, "k9": 7.919168591224018, "bb9": 3.1801385681293297}