{"era": 3.35, "k9": 6.451327433628318, "bb9": 4.061946902654867}