{"era": 3.03, "k9": 11.637931034482758, "bb9": 2.793103448275862}