{"era": 8.65, "k9": 7.961538461538462, "bb9": 3.8076923076923075}