{"era": 6.28, "k9": 7.448275862068966, "bb9": 3.2586206896551726}