{"era": 5.22, "k9": 9.326086956521738, "bb9": 3.391304347826087}