{"era": 3.29, "k9": 6.573913043478261, "bb9": 2.582608695652174}