{"era": 2.43, "k9": 11.07112970711297, "bb9": 2.315899581589958}