{"era": 2.81, "k9": 10.144508670520231, "bb9": 2.9653179190751446}