{"era": 3.06, "k9": 7.427184466019417, "bb9": 1.6601941747572815}