{"era": 4.19, "k9": 12.801724137931036, "bb9": 4.655172413793104}