{"era": 2.91, "k9": 5.468354430379747, "bb9": 3.759493670886076}