{"era": 2.79, "k9": 8.844827586206897, "bb9": 3.413793103448276}