{"era": 3.96, "k9": 6.573298429319372, "bb9": 2.68586387434555}