{"era": 3.01, "k9": 5.6781115879828326, "bb9": 2.317596566523605}