{"era": 9.15, "k9": 8.23728813559322, "bb9": 3.2033898305084745}