{"era": 4.59, "k9": 6.517241379310345, "bb9": 2.1103448275862067}