{"era": 4.78, "k9": 10.40625, "bb9": 1.96875}