{"era": 4.0, "k9": 7.441913439635535, "bb9": 3.0136674259681095}