{"era": 3.63, "k9": 7.340624999999999, "bb9": 2.86875}