{"era": 4.99, "k9": 5.869565217391305, "bb9": 2.2010869565217392}