{"era": 5.52, "k9": 5.593922651933702, "bb9": 4.3259668508287294}