{"era": 4.43, "k9": 7.639871382636656, "bb9": 2.6913183279742765}