{"era": 7.11, "k9": 5.481203007518797, "bb9": 2.0300751879699246}