{"era": 4.26, "k9": 12.078947368421051, "bb9": 2.842105263157895}