{"era": 5.24, "k9": 14.941747572815533, "bb9": 3.407766990291262}