{"era": 5.16, "k9": 6.357340720221607, "bb9": 2.3185595567867034}