{"era": 2.68, "k9": 9.631578947368421, "bb9": 1.894736842105263}