{"era": 2.58, "k9": 8.512738853503185, "bb9": 4.2993630573248405}