{"era": 3.25, "k9": 8.394957983193278, "bb9": 2.1932773109243695}