{"era": 4.13, "k9": 6.860655737704918, "bb9": 2.139344262295082}