{"era": 6.9, "k9": 10.150375939849624, "bb9": 5.887218045112782}