{"era": 5.3, "k9": 5.97945205479452, "bb9": 3.0821917808219177}