{"era": 4.8, "k9": 9.319796954314722, "bb9": 5.071065989847715}