{"era": 1.63, "k9": 11.959731543624162, "bb9": 1.993288590604027}