{"era": 3.77, "k9": 8.253275109170305, "bb9": 4.126637554585153}