{"era": 5.4, "k9": 8.94375, "bb9": 3.2062500000000003}