{"era": 5.05, "k9": 7.342105263157895, "bb9": 1.9736842105263157}