{"era": 3.15, "k9": 8.519417475728154, "bb9": 3.2766990291262132}