{"era": 5.23, "k9": 6.967741935483871, "bb9": 4.354838709677419}