{"era": 4.21, "k9": 11.48936170212766, "bb9": 4.595744680851063}