{"era": 2.47, "k9": 11.335877862595419, "bb9": 2.267175572519084}