{"era": 3.0, "k9": 14.727272727272728, "bb9": 3.8181818181818183}