{"era": 5.02, "k9": 7.534883720930232, "bb9": 4.395348837209302}