{"era": 1.78, "k9": 11.723684210526317, "bb9": 2.842105263157895}