{"era": 3.21, "k9": 8.357142857142858, "bb9": 2.571428571428571}