{"era": 3.35, "k9": 8.303097345132743, "bb9": 2.6283185840707963}