{"era": 3.26, "k9": 9.310344827586208, "bb9": 0.9310344827586208}