{"era": 4.56, "k9": 9.507042253521126, "bb9": 3.4225352112676055}