{"era": 4.95, "k9": 7.264285714285714, "bb9": 1.9928571428571429}