{"era": 7.11, "k9": 5.68421052631579, "bb9": 5.68421052631579}