{"era": 4.18, "k9": 8.357142857142858, "bb9": 3.2142857142857144}