{"era": 2.71, "k9": 11.726057906458799, "bb9": 1.984409799554566}