{"era": 5.48, "k9": 7.105263157894737, "bb9": 3.6541353383458643}