{"era": 4.04, "k9": 10.76086956521739, "bb9": 3.195652173913044}