{"era": 3.65, "k9": 6.081081081081081, "bb9": 1.2162162162162162}