{"era": 1.76, "k9": 8.78048780487805, "bb9": 1.5365853658536586}