{"era": 3.32, "k9": 8.752118644067796, "bb9": 3.0889830508474576}