{"era": 3.95, "k9": 8.878378378378379, "bb9": 3.1013513513513513}