{"era": 3.42, "k9": 8.132530120481928, "bb9": 4.228915662650602}