{"era": 2.54, "k9": 9.688235294117646, "bb9": 2.6999999999999997}