{"era": 4.73, "k9": 9.463917525773194, "bb9": 2.7835051546391747}