{"era": 2.36, "k9": 10.268456375838925, "bb9": 2.778523489932886}