{"era": 4.74, "k9": 7.213740458015267, "bb9": 3.7099236641221376}