{"era": 0.73, "k9": 8.756756756756756, "bb9": 2.189189189189189}