{"era": 6.5, "k9": 8.057591623036648, "bb9": 4.0994764397905765}