{"era": 0.96, "k9": 8.678571428571427, "bb9": 3.8571428571428568}