{"era": 3.46, "k9": 7.193771626297578, "bb9": 2.8961937716262973}