{"era": 5.3, "k9": 9.642857142857142, "bb9": 4.3392857142857135}