{"era": 6.92, "k9": 9.692307692307692, "bb9": 2.9423076923076925}