{"era": 4.14, "k9": 6.014851485148515, "bb9": 2.5396039603960396}