{"era": 3.9, "k9": 7.969879518072288, "bb9": 2.765060240963855}