{"era": 3.02, "k9": 9.05921052631579, "bb9": 1.657894736842105}