{"era": 2.64, "k9": 12.568965517241379, "bb9": 3.413793103448276}