{"era": 4.61, "k9": 11.52439024390244, "bb9": 1.646341463414634}