{"era": 4.59, "k9": 8.573816155988858, "bb9": 3.534818941504178}