{"era": 5.17, "k9": 6.17910447761194, "bb9": 3.156716417910448}