{"era": 2.61, "k9": 7.844594594594595, "bb9": 2.0067567567567566}