{"era": 3.05, "k9": 8.542372881355933, "bb9": 4.271186440677966}