{"era": 16.78, "k9": 7.2972972972972965, "bb9": 5.108108108108108}