{"era": 3.92, "k9": 6.967741935483871, "bb9": 3.4838709677419355}