{"era": 4.37, "k9": 6.663829787234043, "bb9": 3.4468085106382977}