{"era": 5.59, "k9": 5.586206896551724, "bb9": 2.793103448275862}