{"era": 3.94, "k9": 6.204968944099379, "bb9": 2.8509316770186333}