{"era": 3.58, "k9": 7.88495575221239, "bb9": 4.539823008849558}