{"era": 3.24, "k9": 9.962882096069869, "bb9": 3.537117903930131}