{"era": 4.83, "k9": 7.463414634146341, "bb9": 2.8536585365853657}