{"era": 5.12, "k9": 8.146551724137932, "bb9": 4.189655172413794}