{"era": 3.03, "k9": 7.9411764705882355, "bb9": 2.8877005347593583}