{"era": 2.34, "k9": 6.545454545454546, "bb9": 3.155844155844156}