{"era": 2.84, "k9": 6.394736842105263, "bb9": 2.842105263157895}