{"era": 3.08, "k9": 7.186311787072243, "bb9": 2.8745247148288975}