{"era": 3.32, "k9": 6.217665615141955, "bb9": 3.1514195583596214}