{"era": 7.49, "k9": 5.306358381502891, "bb9": 2.6531791907514455}