{"era": 1.41, "k9": 7.899563318777293, "bb9": 1.88646288209607}