{"era": 3.32, "k9": 8.351694915254237, "bb9": 3.432203389830508}