{"era": 2.46, "k9": 9.687898089171973, "bb9": 2.178343949044586}