{"era": 3.48, "k9": 9.185567010309278, "bb9": 3.34020618556701}