{"era": 4.18, "k9": 6.3263598326359824, "bb9": 2.937238493723849}