{"era": 4.23, "k9": 8.04075235109718, "bb9": 3.0470219435736676}