{"era": 4.28, "k9": 9.356435643564357, "bb9": 3.742574257425743}