{"era": 3.23, "k9": 6.8203125, "bb9": 3.1640625}