{"era": 4.66, "k9": 6.504545454545455, "bb9": 3.0681818181818183}