{"era": 4.98, "k9": 9.959016393442623, "bb9": 3.319672131147541}