{"era": 5.79, "k9": 7.232142857142857, "bb9": 5.303571428571429}