{"era": 4.72, "k9": 6.291262135922329, "bb9": 5.766990291262135}