{"era": 3.48, "k9": 7.258064516129032, "bb9": 2.903225806451613}