{"era": 3.86, "k9": 6.942857142857143, "bb9": 3.8571428571428577}