{"era": 4.05, "k9": 10.799999999999999, "bb9": 1.3499999999999999}