{"era": 4.56, "k9": 10.267605633802818, "bb9": 3.0422535211267605}