{"era": 4.67, "k9": 10.333333333333334, "bb9": 2.333333333333333}