{"era": 5.97, "k9": 8.123893805309734, "bb9": 3.106194690265487}