{"era": 8.68, "k9": 5.785714285714285, "bb9": 2.8928571428571423}