{"era": 3.26, "k9": 8.516778523489933, "bb9": 2.2348993288590604}