{"era": 3.53, "k9": 6.59659090909091, "bb9": 2.454545454545455}