{"era": 4.26, "k9": 6.927631578947368, "bb9": 1.8651315789473686}