{"era": 8.91, "k9": 7.077669902912621, "bb9": 6.5533980582524265}