{"era": 3.64, "k9": 7.785276073619632, "bb9": 4.141104294478527}