{"era": 3.97, "k9": 5.824873096446701, "bb9": 2.1928934010152283}