{"era": 6.66, "k9": 8.506849315068493, "bb9": 4.438356164383562}