{"era": 3.28, "k9": 8.391891891891891, "bb9": 2.9189189189189184}