{"era": 2.82, "k9": 9.04945054945055, "bb9": 2.076923076923077}