{"era": 5.4, "k9": 8.87142857142857, "bb9": 3.5485714285714285}