{"era": 2.67, "k9": 6.403162055335969, "bb9": 2.774703557312253}