{"era": 3.02, "k9": 7.253731343283582, "bb9": 4.432835820895523}