{"era": 3.87, "k9": 7.151351351351352, "bb9": 3.7216216216216216}