{"era": 4.18, "k9": 8.428934010152284, "bb9": 3.357868020304568}