{"era": 3.1, "k9": 10.318471337579618, "bb9": 3.4394904458598723}