{"era": 4.04, "k9": 6.340080971659919, "bb9": 0.9838056680161944}