{"era": 4.24, "k9": 7.328571428571428, "bb9": 2.8285714285714283}