{"era": 4.1, "k9": 10.551724137931034, "bb9": 2.979310344827586}