{"era": 2.2, "k9": 8.816326530612246, "bb9": 4.408163265306123}