{"era": 8.62, "k9": 4.212765957446809, "bb9": 3.4468085106382977}