{"era": 13.85, "k9": 8.307692307692308, "bb9": 4.153846153846154}