{"era": 3.13, "k9": 11.73913043478261, "bb9": 2.739130434782609}