{"era": 3.99, "k9": 7.405063291139241, "bb9": 2.278481012658228}