{"era": 5.09, "k9": 6.652173913043478, "bb9": 3.5217391304347827}