{"era": 3.8, "k9": 8.60625, "bb9": 3.796875}