{"era": 5.87, "k9": 8.608695652173914, "bb9": 5.869565217391305}