{"era": 3.98, "k9": 5.11578947368421, "bb9": 3.1263157894736837}