{"era": 3.23, "k9": 8.366197183098592, "bb9": 4.943661971830985}