{"era": 2.45, "k9": 9.511363636363637, "bb9": 4.142045454545455}