{"era": 4.91, "k9": 12.272727272727273, "bb9": 7.363636363636364}