{"era": 3.34, "k9": 6.381818181818182, "bb9": 2.749090909090909}