{"era": 5.04, "k9": 6.242339832869081, "bb9": 2.9331476323119774}