{"era": 7.36, "k9": 9.81818181818182, "bb9": 3.0681818181818183}