{"era": 2.85, "k9": 9.193965517241379, "bb9": 3.3168103448275863}