{"era": 6.23, "k9": 7.988165680473372, "bb9": 3.195266272189349}