{"era": 4.24, "k9": 7.698347107438016, "bb9": 3.9049586776859506}