{"era": 5.18, "k9": 14.054794520547945, "bb9": 2.9589041095890414}