{"era": 6.05, "k9": 7.59375, "bb9": 3.796875}