{"era": 6.19, "k9": 5.934984520123838, "bb9": 4.597523219814241}