{"era": 5.74, "k9": 7.834196891191711, "bb9": 3.217616580310881}