{"era": 3.83, "k9": 8.883870967741936, "bb9": 4.529032258064516}