{"era": 3.81, "k9": 8.516778523489933, "bb9": 2.5369127516778525}