{"era": 5.87, "k9": 7.211180124223603, "bb9": 4.192546583850932}