{"era": 6.55, "k9": 6.545454545454546, "bb9": 4.909090909090908}