{"era": 10.38, "k9": 8.307692307692308, "bb9": 10.384615384615385}