{"era": 2.9, "k9": 10.16708229426434, "bb9": 3.097256857855362}