{"era": 4.1, "k9": 8.937931034482759, "bb9": 3.7241379310344827}