{"era": 3.09, "k9": 8.783132530120481, "bb9": 1.463855421686747}