{"era": 4.3, "k9": 9.079646017699115, "bb9": 1.9115044247787614}