{"era": 1.93, "k9": 9.642857142857142, "bb9": 3.133928571428571}