{"era": 4.25, "k9": 7.5272727272727264, "bb9": 2.2909090909090906}