{"era": 4.51, "k9": 11.073417721518988, "bb9": 3.417721518987342}