{"era": 4.06, "k9": 8.365030674846626, "bb9": 4.720858895705521}