{"era": 8.04, "k9": 6.8936170212765955, "bb9": 2.872340425531915}