{"era": 4.3, "k9": 9.940617577197148, "bb9": 1.539192399049881}