{"era": 4.67, "k9": 7.888888888888889, "bb9": 3.1111111111111107}