{"era": 3.02, "k9": 6.037267080745342, "bb9": 2.0124223602484475}