{"era": 6.23, "k9": 10.384615384615385, "bb9": 2.5961538461538463}