{"era": 3.73, "k9": 7.5181598062954, "bb9": 3.203389830508475}