{"era": 5.4, "k9": 6.709090909090909, "bb9": 4.418181818181818}