{"era": 3.33, "k9": 10.694805194805195, "bb9": 4.207792207792208}