{"era": 1.73, "k9": 9.660550458715596, "bb9": 3.2201834862385317}