{"era": 4.13, "k9": 6.639344262295082, "bb9": 2.5081967213114753}