{"era": 0.44, "k9": 7.081967213114755, "bb9": 2.6557377049180326}