{"era": 4.5, "k9": 11.76923076923077, "bb9": 3.1153846153846154}