{"era": 2.06, "k9": 9.68702290076336, "bb9": 3.0916030534351147}