{"era": 7.71, "k9": 5.785714285714285, "bb9": 11.57142857142857}