{"era": 3.91, "k9": 8.660377358490566, "bb9": 2.8867924528301887}