{"era": 2.45, "k9": 6.136363636363637, "bb9": 8.590909090909092}