{"era": 5.47, "k9": 6.168103448275863, "bb9": 3.4913793103448274}