{"era": 2.51, "k9": 8.476744186046512, "bb9": 4.0813953488372094}