{"era": 2.28, "k9": 7.753846153846155, "bb9": 2.423076923076923}