{"era": 3.05, "k9": 8.60668380462725, "bb9": 1.6658097686375324}