{"era": 3.57, "k9": 7.810933940774486, "bb9": 2.4601366742596813}