{"era": 5.81, "k9": 7.548387096774194, "bb9": 2.032258064516129}