{"era": 5.29, "k9": 5.845360824742267, "bb9": 1.9484536082474224}