{"era": 1.72, "k9": 9.081818181818184, "bb9": 3.190909090909091}