{"era": 5.83, "k9": 5.830334190231363, "bb9": 3.609254498714653}