{"era": 4.28, "k9": 8.413597733711049, "bb9": 4.1303116147308785}