{"era": 5.49, "k9": 6.497326203208556, "bb9": 3.6096256684491976}