{"era": 3.63, "k9": 8.301492537313433, "bb9": 2.3373134328358205}