{"era": 2.41, "k9": 9.321428571428573, "bb9": 2.8928571428571432}