{"era": 3.93, "k9": 10.85427135678392, "bb9": 4.884422110552764}