{"era": 6.4, "k9": 6.4020618556701026, "bb9": 3.0618556701030926}