{"era": 3.86, "k9": 10.028571428571428, "bb9": 3.085714285714286}