{"era": 4.89, "k9": 9.293478260869565, "bb9": 2.9347826086956523}