{"era": 2.32, "k9": 11.297071129707113, "bb9": 1.4121338912133892}