{"era": 2.53, "k9": 7.252427184466019, "bb9": 2.7087378640776696}