{"era": 4.72, "k9": 7.733009708737864, "bb9": 4.194174757281553}