{"era": 8.18, "k9": 11.454545454545455, "bb9": 7.363636363636364}