{"era": 5.93, "k9": 6.308411214953272, "bb9": 1.6401869158878506}