{"era": 2.57, "k9": 5.142857142857142, "bb9": 5.142857142857142}