{"era": 4.08, "k9": 3.5660377358490565, "bb9": 0.5094339622641509}