{"era": 3.19, "k9": 8.191011235955056, "bb9": 3.792134831460674}