{"era": 6.43, "k9": 7.238297872340426, "bb9": 4.365957446808511}