{"era": 2.52, "k9": 11.485074626865671, "bb9": 2.6194029850746268}