{"era": 2.62, "k9": 7.859838274932614, "bb9": 1.9649595687331536}