{"era": 3.09, "k9": 4.534351145038168, "bb9": 2.4732824427480917}