{"era": 4.88, "k9": 7.373949579831933, "bb9": 3.1764705882352944}