{"era": 5.68, "k9": 7.910828025477707, "bb9": 3.4394904458598723}