{"era": 6.62, "k9": 6.6226415094339615, "bb9": 2.547169811320755}