{"era": 15.83, "k9": 7.448275862068966, "bb9": 2.793103448275862}