{"era": 3.42, "k9": 7.985915492957746, "bb9": 1.9014084507042253}