{"era": 6.29, "k9": 7.253731343283582, "bb9": 3.4656716417910447}