{"era": 4.17, "k9": 9.658536585365855, "bb9": 3.292682926829268}