{"era": 4.52, "k9": 7.005405405405406, "bb9": 2.9189189189189193}