{"era": 2.75, "k9": 8.770700636942674, "bb9": 3.9554140127388533}