{"era": 2.81, "k9": 9.407239819004523, "bb9": 2.3212669683257916}