{"era": 3.57, "k9": 5.161764705882352, "bb9": 1.588235294117647}