{"era": 6.35, "k9": 7.9411764705882355, "bb9": 6.352941176470588}