{"era": 10.32, "k9": 8.735294117647058, "bb9": 2.3823529411764706}