{"era": 4.25, "k9": 10.133858267716535, "bb9": 3.8976377952755907}