{"era": 7.71, "k9": 7.7142857142857135, "bb9": 3.8571428571428568}