{"era": 6.23, "k9": 2.076923076923077, "bb9": 2.076923076923077}