{"era": 4.62, "k9": 8.156908665105385, "bb9": 2.7822014051522244}