{"era": 3.64, "k9": 7.213740458015267, "bb9": 3.6412213740458017}