{"era": 3.86, "k9": 8.526315789473683, "bb9": 4.263157894736842}