{"era": 4.75, "k9": 7.417582417582418, "bb9": 3.5604395604395607}