{"era": 3.63, "k9": 8.826923076923077, "bb9": 2.9423076923076925}