{"era": 4.12, "k9": 8.57943925233645, "bb9": 3.953271028037383}