{"era": 3.99, "k9": 9.626086956521739, "bb9": 4.22608695652174}