{"era": 5.24, "k9": 10.276119402985076, "bb9": 3.626865671641791}