{"era": 4.42, "k9": 5.210526315789474, "bb9": 1.1052631578947367}