{"era": 4.23, "k9": 5.764864864864865, "bb9": 3.2837837837837838}