{"era": 3.57, "k9": 4.584905660377358, "bb9": 2.547169811320755}