{"era": 3.34, "k9": 6.560747663551402, "bb9": 2.3341121495327104}