{"era": 4.93, "k9": 6.071428571428572, "bb9": 2.4285714285714284}