{"era": 6.43, "k9": 4.714285714285714, "bb9": 2.571428571428571}