{"era": 6.18, "k9": 7.156626506024097, "bb9": 2.602409638554217}