{"era": 2.66, "k9": 8.813471502590675, "bb9": 3.6373056994818658}