{"era": 2.81, "k9": 7.538961038961039, "bb9": 3.155844155844156}