{"era": 3.22, "k9": 5.843283582089552, "bb9": 3.022388059701493}