{"era": 5.55, "k9": 8.136986301369863, "bb9": 4.808219178082192}