{"era": 2.77, "k9": 10.006993006993007, "bb9": 1.7622377622377623}