{"era": 4.46, "k9": 9.041284403669724, "bb9": 3.3440366972477062}