{"era": 6.85, "k9": 6.845070422535211, "bb9": 3.0422535211267605}