{"era": 4.18, "k9": 8.854503464203232, "bb9": 2.556581986143187}