{"era": 4.45, "k9": 7.466480446927375, "bb9": 3.016759776536313}