{"era": 4.61, "k9": 11.600502512562816, "bb9": 3.7989949748743723}