{"era": 3.14, "k9": 5.574193548387097, "bb9": 1.9161290322580646}