{"era": 2.76, "k9": 8.897727272727273, "bb9": 2.556818181818182}