{"era": 0.0, "k9": 10.285714285714285, "bb9": 5.142857142857142}