{"era": 4.5, "k9": 8.590909090909092, "bb9": 4.090909090909091}