{"era": 2.49, "k9": 6.9397590361445785, "bb9": 4.771084337349398}