{"era": 4.6, "k9": 8.211981566820278, "bb9": 1.9907834101382489}