{"era": 2.16, "k9": 10.168831168831169, "bb9": 2.1623376623376624}