{"era": 3.65, "k9": 7.151351351351352, "bb9": 1.6054054054054054}