{"era": 7.9, "k9": 7.902439024390244, "bb9": 5.926829268292683}