{"era": 5.64, "k9": 8.12621359223301, "bb9": 1.703883495145631}