{"era": 3.05, "k9": 10.285714285714285, "bb9": 1.9285714285714284}