{"era": 4.22, "k9": 7.163265306122449, "bb9": 4.959183673469387}