{"era": 8.1, "k9": 5.3999999999999995, "bb9": 10.799999999999999}