{"era": 3.19, "k9": 9.802904564315353, "bb9": 1.9605809128630707}