{"era": 6.75, "k9": 7.7142857142857135, "bb9": 5.785714285714285}