{"era": 2.48, "k9": 8.844827586206897, "bb9": 2.4827586206896552}