{"era": 4.61, "k9": 7.679640718562874, "bb9": 3.5568862275449105}