{"era": 3.16, "k9": 7.468085106382978, "bb9": 1.5797872340425532}