{"era": 2.78, "k9": 9.714953271028039, "bb9": 3.343457943925234}