{"era": 3.97, "k9": 7.513574660633483, "bb9": 2.260180995475113}