{"era": 8.22, "k9": 8.217391304347826, "bb9": 9.391304347826086}