{"era": 3.63, "k9": 6.923076923076923, "bb9": 2.769230769230769}