{"era": 3.83, "k9": 12.272727272727272, "bb9": 2.2581818181818183}