{"era": 7.09, "k9": 6.7007299270073, "bb9": 3.35036496350365}