{"era": 5.91, "k9": 9.818181818181817, "bb9": 2.7272727272727275}