{"era": 11.12, "k9": 6.352941176470588, "bb9": 11.117647058823527}