{"era": 2.87, "k9": 9.146938775510204, "bb9": 3.085714285714286}