{"era": 8.04, "k9": 6.595419847328245, "bb9": 3.50381679389313}