{"era": 5.1, "k9": 6.52896725440806, "bb9": 2.108312342569269}