{"era": 4.36, "k9": 9.74436090225564, "bb9": 4.263157894736842}