{"era": 3.28, "k9": 11.018382352941176, "bb9": 3.077205882352941}