{"era": 5.5, "k9": 6.729483282674772, "bb9": 2.4620060790273555}