{"era": 4.95, "k9": 5.449541284403669, "bb9": 2.972477064220183}