{"era": 5.79, "k9": 6.557142857142858, "bb9": 2.3142857142857145}