{"era": 3.12, "k9": 11.23699421965318, "bb9": 4.369942196531793}