{"era": 5.67, "k9": 6.68135593220339, "bb9": 3.2033898305084745}