{"era": 5.09, "k9": 9.460916442048516, "bb9": 4.0754716981132075}