{"era": 4.94, "k9": 7.5983606557377055, "bb9": 2.2868852459016393}