{"era": 4.7, "k9": 7.59375, "bb9": 2.6517857142857144}