{"era": 9.2, "k9": 4.295454545454546, "bb9": 6.136363636363637}