{"era": 2.81, "k9": 10.76878612716763, "bb9": 3.433526011560694}