{"era": 3.95, "k9": 11.721951219512196, "bb9": 4.3463414634146345}