{"era": 3.7, "k9": 9.616438356164384, "bb9": 4.808219178082192}