{"era": 2.98, "k9": 8.779141104294478, "bb9": 1.3251533742331287}