{"Toronto Blue Jays": 0.578125, "New York Yankees": 0.5476190476190477, "Boston Red Sox": 0.5354330708661418, "Tampa Bay Rays": 0.48031496062992124, "Baltimore Orioles": 0.46825396825396826, "Detroit Tigers": 0.5891472868217055, "Kansas City Royals": 0.5118110236220472, "Cleveland Guardians": 0.5079365079365079, "Minnesota Twins": 0.4603174603174603, "Chicago White Sox": 0.3543307086614173, "Houston Astros": 0.5433070866141733, "Seattle Mariners": 0.53125, "Texas Rangers": 0.4921875, "Los Angeles Angels": 0.48031496062992124, "Athletics": 0.453125, "Philadelphia Phillies": 0.5826771653543307, "New York Mets": 0.5317460317460317, "Miami Marlins": 0.47244094488188976, "Atlanta Braves": 0.4566929133858268, "Washington Nationals": 0.40476190476190477, "Milwaukee Brewers": 0.6220472440944882, "Chicago Cubs": 0.5748031496062992, "Cincinnati Reds": 0.5234375, "St. Louis Cardinals": 0.4921875, "Pittsburgh Pirates": 0.421875, "Los Angeles Dodgers": 0.5669291338582677, "San Diego Padres": 0.5590551181102362, "Arizona Diamondbacks": 0.484375, "San Francisco Giants": 0.48031496062992124, "Colorado Rockies": 0.29133858267716534}