{"Toronto Blue Jays": 0.5846153846153846, "Boston Red Sox": 0.5461538461538461, "New York Yankees": 0.5348837209302325, "Tampa Bay Rays": 0.4806201550387597, "Baltimore Orioles": 0.4573643410852713, "Detroit Tigers": 0.5954198473282443, "Kansas City Royals": 0.5076923076923077, "Cleveland Guardians": 0.5, "Minnesota Twins": 0.4573643410852713, "Chicago White Sox": 0.35658914728682173, "Houston Astros": 0.5538461538461539, "Seattle Mariners": 0.5307692307692308, "Texas Rangers": 0.4961832061068702, "Los Angeles Angels": 0.4728682170542636, "Athletics": 0.4580152671755725, "Philadelphia Phillies": 0.5813953488372093, "New York Mets": 0.5348837209302325, "Miami Marlins": 0.46511627906976744, "Atlanta Braves": 0.4496124031007752, "Washington Nationals": 0.4108527131782946, "Milwaukee Brewers": 0.6230769230769231, "Chicago Cubs": 0.5769230769230769, "Cincinnati Reds": 0.5153846153846153, "St. Louis Cardinals": 0.49230769230769234, "Pittsburgh Pirates": 0.4307692307692308, "San Diego Padres": 0.5692307692307692, "Los Angeles Dodgers": 0.5615384615384615, "Arizona Diamondbacks": 0.49230769230769234, "San Francisco Giants": 0.47692307692307695, "Colorado Rockies": 0.2846153846153846}