{"Cleveland Guardians": 0.5555555555555556, "Baltimore Orioles": 0.5555555555555556, "Pittsburgh Pirates": 0.5185185185185185, "Detroit Tigers": 0.5714285714285714, "Miami Marlins": 0.5, "San Diego Padres": 0.5925925925925926, "Washington Nationals": 0.4230769230769231, "Cincinnati Reds": 0.5357142857142857, "Philadelphia Phillies": 0.6296296296296297, "Boston Red Sox": 0.56, "Tampa Bay Rays": 0.34615384615384615, "Chicago White Sox": 0.34615384615384615, "Toronto Blue Jays": 0.5357142857142857, "New York Yankees": 0.5384615384615384, "New York Mets": 0.4, "Los Angeles Angels": 0.4444444444444444, "Atlanta Braves": 0.5172413793103449, "San Francisco Giants": 0.34615384615384615, "Chicago Cubs": 0.5185185185185185, "Kansas City Royals": 0.6153846153846154, "Texas Rangers": 0.4444444444444444, "Athletics": 0.6153846153846154, "Colorado Rockies": 0.48148148148148145, "St. Louis Cardinals": 0.4074074074074074, "Arizona Diamondbacks": 0.4444444444444444, "Houston Astros": 0.4074074074074074, "Seattle Mariners": 0.5357142857142857, "Milwaukee Brewers": 0.7037037037037037, "Los Angeles Dodgers": 0.5, "Minnesota Twins": 0.38461538461538464}