{"Milwaukee Brewers": 0.7142857142857143, "Miami Marlins": 0.42857142857142855, "Pittsburgh Pirates": 0.5185185185185185, "Arizona Diamondbacks": 0.5185185185185185, "Baltimore Orioles": 0.5185185185185185, "Colorado Rockies": 0.39285714285714285, "New York Yankees": 0.48148148148148145, "Philadelphia Phillies": 0.6296296296296297, "Boston Red Sox": 0.6153846153846154, "Los Angeles Dodgers": 0.48148148148148145, "Cincinnati Reds": 0.5, "Tampa Bay Rays": 0.34615384615384615, "Detroit Tigers": 0.6666666666666666, "Toronto Blue Jays": 0.5555555555555556, "St. Louis Cardinals": 0.4230769230769231, "San Diego Padres": 0.7037037037037037, "Chicago White Sox": 0.34615384615384615, "Chicago Cubs": 0.5357142857142857, "Texas Rangers": 0.42857142857142855, "Atlanta Braves": 0.5172413793103449, "Houston Astros": 0.4444444444444444, "Athletics": 0.6538461538461539, "Minnesota Twins": 0.37037037037037035, "Washington Nationals": 0.4444444444444444, "Los Angeles Angels": 0.46153846153846156, "Seattle Mariners": 0.5185185185185185, "San Francisco Giants": 0.2962962962962963, "New York Mets": 0.38461538461538464, "Kansas City Royals": 0.5925925925925926, "Cleveland Guardians": 0.5}